-- phpMyAdmin SQL Dump
-- version 5.2.1
-- https://www.phpmyadmin.net/
--
-- Host: 127.0.0.1
-- Generation Time: Feb 07, 2024 at 12:39 PM
-- Server version: 10.4.32-MariaDB
-- PHP Version: 8.2.12

SET SQL_MODE = "NO_AUTO_VALUE_ON_ZERO";
START TRANSACTION;
SET time_zone = "+00:00";


/*!40101 SET @OLD_CHARACTER_SET_CLIENT=@@CHARACTER_SET_CLIENT */;
/*!40101 SET @OLD_CHARACTER_SET_RESULTS=@@CHARACTER_SET_RESULTS */;
/*!40101 SET @OLD_COLLATION_CONNECTION=@@COLLATION_CONNECTION */;
/*!40101 SET NAMES utf8mb4 */;

--
-- Database: `tb_turf`
--

-- --------------------------------------------------------

--
-- Table structure for table `authentication`
--

CREATE TABLE `authentication` (
  `id` int(11) NOT NULL,
  `name` varchar(255) DEFAULT NULL,
  `email` varchar(255) DEFAULT NULL,
  `password` varchar(255) DEFAULT NULL,
  `role` varchar(255) DEFAULT NULL,
  `status` int(11) DEFAULT NULL,
  `created_at` timestamp NOT NULL DEFAULT current_timestamp(),
  `updated_at` datetime DEFAULT current_timestamp() ON UPDATE current_timestamp()
) ENGINE=InnoDB DEFAULT CHARSET=utf8mb4 COLLATE=utf8mb4_unicode_ci;

--
-- Dumping data for table `authentication`
--

INSERT INTO `authentication` (`id`, `name`, `email`, `password`, `role`, `status`, `created_at`, `updated_at`) VALUES
(1, 'admin', 'admin@gmail.com', '12345', 'admin', 1, '2024-01-14 12:36:51', '2024-01-15 20:26:27'),
(2, 'Rafi', 'manager@gmail.com', '12345', 'manager', 1, '2024-01-14 12:36:51', '2024-01-23 17:18:02'),
(3, 'Ekram', 'ekram@gmail.com', '123', 'manager', 0, '2024-01-30 11:23:50', '2024-01-30 17:23:50');

-- --------------------------------------------------------

--
-- Table structure for table `booking`
--

CREATE TABLE `booking` (
  `id` int(11) NOT NULL,
  `date` varchar(255) DEFAULT NULL,
  `user_id` int(11) DEFAULT NULL,
  `transaction_id` int(11) DEFAULT NULL,
  `start_slot_id` int(11) DEFAULT NULL,
  `end_slot_id` int(11) DEFAULT NULL,
  `reference_id` int(11) DEFAULT NULL,
  `status` int(11) DEFAULT NULL,
  `created_at` timestamp NOT NULL DEFAULT current_timestamp(),
  `updated_at` datetime DEFAULT current_timestamp() ON UPDATE current_timestamp()
) ENGINE=InnoDB DEFAULT CHARSET=utf8mb4 COLLATE=utf8mb4_unicode_ci;

--
-- Dumping data for table `booking`
--

INSERT INTO `booking` (`id`, `date`, `user_id`, `transaction_id`, `start_slot_id`, `end_slot_id`, `reference_id`, `status`, `created_at`, `updated_at`) VALUES
(2, '2024-01-23', 1, 1, 1, 1, 1, 0, '2024-01-23 10:06:48', '2024-01-23 16:06:48'),
(3, '2024-01-26', 2, 2, 3, 3, 1, 0, '2024-01-23 10:08:14', '2024-01-23 16:08:14'),
(4, '2024-01-23', 3, 3, 3, 8, 1, 0, '2024-01-23 10:09:23', '2024-01-23 16:09:23'),
(5, '2024-01-24', 4, 4, 4, 6, 1, 0, '2024-01-23 10:11:44', '2024-01-23 16:11:44'),
(6, '2024-01-24', 5, 5, 8, 8, 1, 0, '2024-01-23 10:12:14', '2024-01-23 16:12:14'),
(7, '2024-01-25', 6, 6, 1, 3, 1, 0, '2024-01-23 10:15:35', '2024-01-23 16:15:35'),
(8, '2024-01-25', 7, 7, 5, 6, 1, 0, '2024-01-23 10:16:21', '2024-01-23 16:16:21'),
(9, '2024-02-1', 8, 8, 1, 2, 1, 0, '2024-01-23 10:19:55', '2024-01-23 16:19:55'),
(10, '2024-02-10', 9, 9, 1, 2, 1, 0, '2024-01-23 10:24:42', '2024-01-23 16:24:42'),
(11, '2024-03-1', 10, 10, 1, 3, 1, 0, '2024-01-23 10:32:11', '2024-01-23 16:32:11'),
(12, '2024-01-26', 11, 11, 1, 1, 1, 0, '2024-01-23 11:38:23', '2024-01-23 17:38:23'),
(13, '2024-01-27', 12, 12, 4, 5, 1, 0, '2024-01-23 11:40:26', '2024-01-23 17:40:26'),
(14, '2024-01-28', 13, 13, 8, 8, 1, 0, '2024-01-23 11:41:50', '2024-01-23 17:41:50'),
(15, '2024-01-31', 14, 14, 1, 1, 1, 0, '2024-01-23 11:43:51', '2024-01-23 17:43:51'),
(16, '2024-01-30', 15, 15, 2, 3, 1, 0, '2024-01-23 11:45:12', '2024-01-23 17:45:12'),
(17, '2024-02-2', 16, 16, 2, 2, 1, 0, '2024-01-25 12:45:00', '2024-01-25 18:45:00'),
(18, '2024-04-10', 17, 17, 1, 1, 1, 0, '2024-01-25 12:56:34', '2024-01-25 18:56:34'),
(19, '2024-04-26', 18, 18, 2, 2, 1, 0, '2024-01-25 12:57:06', '2024-01-25 18:57:06'),
(20, '2024-01-27', 19, 19, 1, 1, 1, 0, '2024-01-27 09:55:49', '2024-01-27 15:55:49'),
(21, '2024-01-28', 20, 20, 1, 1, 1, 0, '2024-01-27 09:56:03', '2024-01-27 15:56:03'),
(22, '2024-01-29', 21, 21, 4, 7, 1, 0, '2024-01-27 09:56:25', '2024-01-27 15:56:25'),
(23, '2024-01-29', 22, 22, 1, 2, 1, 0, '2024-01-27 09:56:55', '2024-01-27 15:56:55'),
(24, '2024-02-18', 23, 23, 1, 2, 1, 0, '2024-01-27 09:57:22', '2024-01-27 15:57:22'),
(25, '2024-03-10', 24, 24, 1, 3, 1, 0, '2024-01-27 09:57:45', '2024-01-27 15:57:45'),
(26, '2024-05-24', 25, 25, 1, 3, 1, 0, '2024-01-27 10:00:04', '2024-01-27 16:00:04'),
(27, '2024-06-17', 26, 26, 1, 1, 1, 0, '2024-01-27 10:00:55', '2024-01-27 16:00:55'),
(28, '2024-08-25', 27, 27, 6, 8, 1, 0, '2024-01-27 10:01:19', '2024-01-27 16:01:19'),
(29, '2025-01-6', 28, 28, 5, 7, 1, 0, '2024-01-27 10:02:19', '2024-01-27 16:02:19'),
(30, '2025-02-21', 29, 29, 1, 2, 1, 0, '2024-01-27 10:02:41', '2024-01-27 16:02:41'),
(31, '2026-02-17', 30, 30, 2, 3, 1, 0, '2024-01-27 10:03:11', '2024-01-27 16:03:11'),
(32, '2024-02-3', 31, 31, 2, 3, 1, 0, '2024-01-27 10:06:26', '2024-01-27 16:06:26'),
(33, '2024-02-4', 32, 32, 2, 2, 1, 0, '2024-02-01 11:57:52', '2024-02-01 17:57:52'),
(34, '2024-02-5', 33, 33, 1, 1, 1, 0, '2024-02-01 11:58:07', '2024-02-01 17:58:07'),
(35, '2024-02-6', 34, 34, 1, 2, 1, 0, '2024-02-01 11:58:25', '2024-02-01 17:58:25'),
(36, '2024-02-7', 35, 35, 1, 2, 1, 0, '2024-02-01 11:58:42', '2024-02-01 17:58:42'),
(37, '2024-02-8', 36, 36, 1, 1, 1, 0, '2024-02-01 11:58:59', '2024-02-01 17:58:59'),
(38, '2024-02-9', 37, 37, 1, 1, 1, 0, '2024-02-01 11:59:19', '2024-02-01 17:59:19'),
(39, '2024-02-11', 38, 38, 1, 3, 1, 0, '2024-02-01 11:59:40', '2024-02-01 17:59:40'),
(40, '2024-02-12', 39, 39, 1, 1, 1, 0, '2024-02-01 11:59:58', '2024-02-01 17:59:58'),
(41, '2024-02-7', 40, 40, 6, 6, 1, 0, '2024-02-07 10:21:14', '2024-02-07 16:21:14'),
(42, '2024-02-7', 41, 41, 8, 8, 1, 0, '2024-02-07 10:42:52', '2024-02-07 16:42:52'),
(43, '2024-02-7', 42, 42, 7, 7, 1, 0, '2024-02-07 11:01:37', '2024-02-07 17:01:37'),
(44, '2024-02-7', 43, 43, 3, 5, 1, 0, '2024-02-07 11:02:19', '2024-02-07 17:02:19'),
(45, '2024-02-10', 44, 44, 3, 5, 1, 0, '2024-02-07 11:13:26', '2024-02-07 17:13:26');

-- --------------------------------------------------------

--
-- Table structure for table `customers`
--

CREATE TABLE `customers` (
  `id` int(11) NOT NULL,
  `name` varchar(255) DEFAULT NULL,
  `phone` varchar(14) DEFAULT NULL,
  `created_at` timestamp NOT NULL DEFAULT current_timestamp(),
  `updated_at` datetime DEFAULT current_timestamp() ON UPDATE current_timestamp()
) ENGINE=InnoDB DEFAULT CHARSET=utf8mb4 COLLATE=utf8mb4_unicode_ci;

--
-- Dumping data for table `customers`
--

INSERT INTO `customers` (`id`, `name`, `phone`, `created_at`, `updated_at`) VALUES
(1, 'hasan', '01333400034', '2024-01-23 10:06:48', '2024-01-23 16:06:48'),
(2, 'Ekram', '01617400033', '2024-01-23 10:08:14', '2024-01-23 16:08:14'),
(3, 'shakil Ahmed', '01717400034', '2024-01-23 10:09:23', '2024-01-23 16:09:23'),
(4, 'Mohsin', '01617400034', '2024-01-23 10:11:44', '2024-01-23 16:11:44'),
(5, 'Ekram', '01617400033', '2024-01-23 10:12:14', '2024-01-23 16:12:14'),
(6, 'tonmoy', '01817400055', '2024-01-23 10:15:35', '2024-01-23 16:15:35'),
(7, 'Ekram', '01333400034', '2024-01-23 10:16:21', '2024-01-23 16:16:21'),
(8, 'Mohsin', '01617400033', '2024-01-23 10:19:55', '2024-01-23 16:19:55'),
(9, 'Ekram', '01333400034', '2024-01-23 10:24:41', '2024-01-23 16:24:41'),
(10, 'rafi', '01917400085', '2024-01-23 10:32:11', '2024-01-23 16:32:11'),
(11, 'rafi', '01817400000', '2024-01-23 11:38:23', '2024-01-23 17:38:23'),
(12, 'hasan', '01717400034', '2024-01-23 11:40:26', '2024-01-23 17:40:26'),
(13, 'Ekram', '01333400034', '2024-01-23 11:41:50', '2024-01-23 17:41:50'),
(14, 'shakil', '01617400033', '2024-01-23 11:43:51', '2024-01-23 17:43:51'),
(15, 'shakil', '01917400055', '2024-01-23 11:45:12', '2024-01-23 17:45:12'),
(16, 'rafi', '01333400034', '2024-01-25 12:45:00', '2024-01-25 18:45:00'),
(17, 'Mohsin', '01617400033', '2024-01-25 12:56:34', '2024-01-25 18:56:34'),
(18, 'rafi', '01333400034', '2024-01-25 12:57:06', '2024-01-25 18:57:06'),
(19, 'hasan', '01617400033', '2024-01-27 09:55:49', '2024-01-27 15:55:49'),
(20, 'Mohsin', '01333400034', '2024-01-27 09:56:03', '2024-01-27 15:56:03'),
(21, 'rafi', '01333400034', '2024-01-27 09:56:25', '2024-01-27 15:56:25'),
(22, 'Ekram', '01617400034', '2024-01-27 09:56:55', '2024-01-27 15:56:55'),
(23, 'rafi', '01617400033', '2024-01-27 09:57:22', '2024-01-27 15:57:22'),
(24, 'Mohsin', '01717400034', '2024-01-27 09:57:45', '2024-01-27 15:57:45'),
(25, 'hasan', '01617400034', '2024-01-27 10:00:04', '2024-01-27 16:00:04'),
(26, 'shakil Ahmed', '01617400034', '2024-01-27 10:00:55', '2024-01-27 16:00:55'),
(27, 'shakil', '01817400055', '2024-01-27 10:01:19', '2024-01-27 16:01:19'),
(28, 'Ekram', '01617400034', '2024-01-27 10:02:19', '2024-01-27 16:02:19'),
(29, 'rafi', '01717400034', '2024-01-27 10:02:41', '2024-01-27 16:02:41'),
(30, 'hasan', '01617400033', '2024-01-27 10:03:10', '2024-01-27 16:03:10'),
(31, 'Mohsin', '01333400034', '2024-01-27 10:06:26', '2024-01-27 16:06:26'),
(32, 'Ekram', '01333400034', '2024-02-01 11:57:52', '2024-02-01 17:57:52'),
(33, 'Ekram', '01333400034', '2024-02-01 11:58:07', '2024-02-01 17:58:07'),
(34, 'shakil', '01617400033', '2024-02-01 11:58:25', '2024-02-01 17:58:25'),
(35, 'Mohsin', '01717400034', '2024-02-01 11:58:42', '2024-02-01 17:58:42'),
(36, 'rafi', '01617400034', '2024-02-01 11:58:59', '2024-02-01 17:58:59'),
(37, 'hasan', '01817400055', '2024-02-01 11:59:19', '2024-02-01 17:59:19'),
(38, 'rafi', '01817400055', '2024-02-01 11:59:40', '2024-02-01 17:59:40'),
(39, 'shakil', '01617400033', '2024-02-01 11:59:58', '2024-02-01 17:59:58'),
(40, 'Mohsin', '01333400034', '2024-02-07 10:21:14', '2024-02-07 16:21:14'),
(41, 'Ekram', '01617400033', '2024-02-07 10:42:52', '2024-02-07 16:42:52'),
(42, 'Mohsin', '01717400034', '2024-02-07 11:01:37', '2024-02-07 17:01:37'),
(43, 'rafi', '01617400034', '2024-02-07 11:02:19', '2024-02-07 17:02:19'),
(44, 'riad', '01333400034', '2024-02-07 11:13:26', '2024-02-07 17:13:26');

-- --------------------------------------------------------

--
-- Table structure for table `expense`
--

CREATE TABLE `expense` (
  `id` int(11) NOT NULL,
  `description` varchar(255) DEFAULT NULL,
  `amount` int(11) DEFAULT NULL,
  `note` varchar(255) DEFAULT NULL,
  `reference_id` int(11) DEFAULT NULL,
  `status` int(11) DEFAULT NULL,
  `created_at` timestamp NOT NULL DEFAULT current_timestamp(),
  `updated_at` datetime DEFAULT current_timestamp() ON UPDATE current_timestamp()
) ENGINE=InnoDB DEFAULT CHARSET=utf8mb4 COLLATE=utf8mb4_general_ci;

--
-- Dumping data for table `expense`
--

INSERT INTO `expense` (`id`, `description`, `amount`, `note`, `reference_id`, `status`, `created_at`, `updated_at`) VALUES
(1, 'adjskfjnsa', 500, 'aaa', 1, 1, '2024-02-04 09:30:11', '2024-02-04 15:30:11'),
(2, 'afefrwf', 48809, '1-02-24', 1, 1, '2024-01-17 09:30:39', '2024-02-07 17:33:14'),
(3, 'sass', 500, 'da', 2, 1, '2024-02-03 09:31:05', '2024-02-07 17:28:40'),
(4, 'adsca', 20000, 'dxzc', 2, 1, '2024-02-02 09:31:05', '2024-02-07 17:33:45'),
(8, 'edc', 1000, 'dasf', 2, 1, '2024-01-31 09:32:15', '2024-02-07 17:28:51'),
(11, 'bill', 50004, 'january month', 1, 1, '2024-02-07 11:27:56', '2024-02-07 17:28:16');

-- --------------------------------------------------------

--
-- Table structure for table `setting`
--

CREATE TABLE `setting` (
  `id` int(11) NOT NULL,
  `brand` varchar(255) DEFAULT NULL,
  `logo` varchar(255) DEFAULT NULL,
  `favicon` varchar(255) DEFAULT NULL,
  `email` varchar(255) DEFAULT NULL,
  `phone` varchar(255) DEFAULT NULL,
  `social` varchar(255) DEFAULT NULL,
  `location` varchar(255) DEFAULT NULL,
  `created_at` timestamp NOT NULL DEFAULT current_timestamp(),
  `updated_at` datetime DEFAULT current_timestamp() ON UPDATE current_timestamp()
) ENGINE=InnoDB DEFAULT CHARSET=utf8mb4 COLLATE=utf8mb4_unicode_ci;

--
-- Dumping data for table `setting`
--

INSERT INTO `setting` (`id`, `brand`, `logo`, `favicon`, `email`, `phone`, `social`, `location`, `created_at`, `updated_at`) VALUES
(1, 'Terms Brain Sports Arena', 'logo.png', 'favicon.png', 'admin@admin.com', '01827-587205', 'www.facebook.com', 'lalkhan bazar', '2024-01-25 13:01:25', '2024-01-30 16:41:08');

-- --------------------------------------------------------

--
-- Table structure for table `slot_live`
--

CREATE TABLE `slot_live` (
  `id` int(11) NOT NULL,
  `date` varchar(30) DEFAULT NULL,
  `slot_id` int(11) DEFAULT NULL,
  `status` int(11) DEFAULT NULL,
  `created_at` timestamp NOT NULL DEFAULT current_timestamp(),
  `updated_at` datetime DEFAULT current_timestamp() ON UPDATE current_timestamp()
) ENGINE=InnoDB DEFAULT CHARSET=utf8mb4 COLLATE=utf8mb4_unicode_ci;

--
-- Dumping data for table `slot_live`
--

INSERT INTO `slot_live` (`id`, `date`, `slot_id`, `status`, `created_at`, `updated_at`) VALUES
(1, '2024-01-23', 1, 1, '2024-01-23 10:06:48', '2024-01-23 16:06:48'),
(2, '2024-01-26', 3, 1, '2024-01-23 10:08:14', '2024-01-23 16:08:14'),
(3, '2024-01-23', 3, 1, '2024-01-23 10:09:23', '2024-01-23 16:09:23'),
(4, '2024-01-23', 4, 1, '2024-01-23 10:09:23', '2024-01-23 16:09:23'),
(5, '2024-01-23', 5, 1, '2024-01-23 10:09:23', '2024-01-23 16:09:23'),
(6, '2024-01-23', 6, 1, '2024-01-23 10:09:23', '2024-01-23 16:09:23'),
(7, '2024-01-23', 7, 1, '2024-01-23 10:09:23', '2024-01-23 16:09:23'),
(8, '2024-01-23', 8, 1, '2024-01-23 10:09:23', '2024-01-23 16:09:23'),
(9, '2024-01-24', 4, 1, '2024-01-23 10:11:44', '2024-01-23 16:11:44'),
(10, '2024-01-24', 5, 1, '2024-01-23 10:11:44', '2024-01-23 16:11:44'),
(11, '2024-01-24', 6, 1, '2024-01-23 10:11:44', '2024-01-23 16:11:44'),
(12, '2024-01-24', 8, 1, '2024-01-23 10:12:14', '2024-01-23 16:12:14'),
(13, '2024-01-25', 1, 1, '2024-01-23 10:15:35', '2024-01-23 16:15:35'),
(14, '2024-01-25', 2, 1, '2024-01-23 10:15:35', '2024-01-23 16:15:35'),
(15, '2024-01-25', 3, 1, '2024-01-23 10:15:35', '2024-01-23 16:15:35'),
(16, '2024-01-25', 5, 1, '2024-01-23 10:16:21', '2024-01-23 16:16:21'),
(17, '2024-01-25', 6, 1, '2024-01-23 10:16:21', '2024-01-23 16:16:21'),
(18, '2024-02-1', 1, 1, '2024-01-23 10:19:55', '2024-01-23 16:19:55'),
(19, '2024-02-1', 2, 1, '2024-01-23 10:19:55', '2024-01-23 16:19:55'),
(20, '2024-02-10', 1, 1, '2024-01-23 10:24:42', '2024-01-23 16:24:42'),
(21, '2024-02-10', 2, 1, '2024-01-23 10:24:42', '2024-01-23 16:24:42'),
(22, '2024-03-1', 1, 1, '2024-01-23 10:32:11', '2024-01-23 16:32:11'),
(23, '2024-03-1', 2, 1, '2024-01-23 10:32:11', '2024-01-23 16:32:11'),
(24, '2024-03-1', 3, 1, '2024-01-23 10:32:11', '2024-01-23 16:32:11'),
(25, '2024-01-26', 1, 1, '2024-01-23 11:38:23', '2024-01-23 17:38:23'),
(26, '2024-01-27', 4, 1, '2024-01-23 11:40:26', '2024-01-23 17:40:26'),
(27, '2024-01-27', 5, 1, '2024-01-23 11:40:26', '2024-01-23 17:40:26'),
(28, '2024-01-28', 8, 1, '2024-01-23 11:41:50', '2024-01-23 17:41:50'),
(29, '2024-01-31', 1, 1, '2024-01-23 11:43:51', '2024-01-23 17:43:51'),
(30, '2024-01-30', 2, 1, '2024-01-23 11:45:12', '2024-01-23 17:45:12'),
(31, '2024-01-30', 3, 1, '2024-01-23 11:45:12', '2024-01-23 17:45:12'),
(32, '2024-02-2', 2, 1, '2024-01-25 12:45:00', '2024-01-25 18:45:00'),
(33, '2024-04-10', 1, 1, '2024-01-25 12:56:34', '2024-01-25 18:56:34'),
(34, '2024-04-26', 2, 1, '2024-01-25 12:57:06', '2024-01-25 18:57:06'),
(35, '2024-01-27', 1, 1, '2024-01-27 09:55:49', '2024-01-27 15:55:49'),
(36, '2024-01-28', 1, 1, '2024-01-27 09:56:03', '2024-01-27 15:56:03'),
(37, '2024-01-29', 4, 1, '2024-01-27 09:56:25', '2024-01-27 15:56:25'),
(38, '2024-01-29', 5, 1, '2024-01-27 09:56:25', '2024-01-27 15:56:25'),
(39, '2024-01-29', 6, 1, '2024-01-27 09:56:25', '2024-01-27 15:56:25'),
(40, '2024-01-29', 7, 1, '2024-01-27 09:56:25', '2024-01-27 15:56:25'),
(41, '2024-01-29', 1, 1, '2024-01-27 09:56:55', '2024-01-27 15:56:55'),
(42, '2024-01-29', 2, 1, '2024-01-27 09:56:55', '2024-01-27 15:56:55'),
(43, '2024-02-18', 1, 1, '2024-01-27 09:57:22', '2024-01-27 15:57:22'),
(44, '2024-02-18', 2, 1, '2024-01-27 09:57:22', '2024-01-27 15:57:22'),
(45, '2024-03-10', 1, 1, '2024-01-27 09:57:45', '2024-01-27 15:57:45'),
(46, '2024-03-10', 2, 1, '2024-01-27 09:57:45', '2024-01-27 15:57:45'),
(47, '2024-03-10', 3, 1, '2024-01-27 09:57:45', '2024-01-27 15:57:45'),
(48, '2024-05-24', 1, 1, '2024-01-27 10:00:04', '2024-01-27 16:00:04'),
(49, '2024-05-24', 2, 1, '2024-01-27 10:00:04', '2024-01-27 16:00:04'),
(50, '2024-05-24', 3, 1, '2024-01-27 10:00:04', '2024-01-27 16:00:04'),
(51, '2024-06-17', 1, 1, '2024-01-27 10:00:55', '2024-01-27 16:00:55'),
(52, '2024-08-25', 6, 1, '2024-01-27 10:01:19', '2024-01-27 16:01:19'),
(53, '2024-08-25', 7, 1, '2024-01-27 10:01:19', '2024-01-27 16:01:19'),
(54, '2024-08-25', 8, 1, '2024-01-27 10:01:19', '2024-01-27 16:01:19'),
(55, '2025-01-6', 5, 1, '2024-01-27 10:02:19', '2024-01-27 16:02:19'),
(56, '2025-01-6', 6, 1, '2024-01-27 10:02:19', '2024-01-27 16:02:19'),
(57, '2025-01-6', 7, 1, '2024-01-27 10:02:19', '2024-01-27 16:02:19'),
(58, '2025-02-21', 1, 1, '2024-01-27 10:02:41', '2024-01-27 16:02:41'),
(59, '2025-02-21', 2, 1, '2024-01-27 10:02:41', '2024-01-27 16:02:41'),
(60, '2026-02-17', 2, 1, '2024-01-27 10:03:11', '2024-01-27 16:03:11'),
(61, '2026-02-17', 3, 1, '2024-01-27 10:03:11', '2024-01-27 16:03:11'),
(62, '2024-02-3', 2, 1, '2024-01-27 10:06:26', '2024-01-27 16:06:26'),
(63, '2024-02-3', 3, 1, '2024-01-27 10:06:26', '2024-01-27 16:06:26'),
(64, '2024-02-4', 2, 1, '2024-02-01 11:57:52', '2024-02-01 17:57:52'),
(65, '2024-02-5', 1, 1, '2024-02-01 11:58:07', '2024-02-01 17:58:07'),
(66, '2024-02-6', 1, 1, '2024-02-01 11:58:25', '2024-02-01 17:58:25'),
(67, '2024-02-6', 2, 1, '2024-02-01 11:58:25', '2024-02-01 17:58:25'),
(68, '2024-02-7', 1, 1, '2024-02-01 11:58:42', '2024-02-01 17:58:42'),
(69, '2024-02-7', 2, 1, '2024-02-01 11:58:42', '2024-02-01 17:58:42'),
(70, '2024-02-8', 1, 1, '2024-02-01 11:58:59', '2024-02-01 17:58:59'),
(71, '2024-02-9', 1, 1, '2024-02-01 11:59:19', '2024-02-01 17:59:19'),
(72, '2024-02-11', 1, 1, '2024-02-01 11:59:40', '2024-02-01 17:59:40'),
(73, '2024-02-11', 2, 1, '2024-02-01 11:59:40', '2024-02-01 17:59:40'),
(74, '2024-02-11', 3, 1, '2024-02-01 11:59:40', '2024-02-01 17:59:40'),
(75, '2024-02-12', 1, 1, '2024-02-01 11:59:58', '2024-02-01 17:59:58'),
(76, '2024-02-7', 6, 1, '2024-02-07 10:21:14', '2024-02-07 16:21:14'),
(77, '2024-02-7', 8, 1, '2024-02-07 10:42:52', '2024-02-07 16:42:52'),
(78, '2024-02-7', 7, 1, '2024-02-07 11:01:37', '2024-02-07 17:01:37'),
(79, '2024-02-7', 3, 1, '2024-02-07 11:02:19', '2024-02-07 17:02:19'),
(80, '2024-02-7', 4, 1, '2024-02-07 11:02:19', '2024-02-07 17:02:19'),
(81, '2024-02-7', 5, 1, '2024-02-07 11:02:19', '2024-02-07 17:02:19'),
(82, '2024-02-10', 3, 1, '2024-02-07 11:13:26', '2024-02-07 17:13:26'),
(83, '2024-02-10', 4, 1, '2024-02-07 11:13:26', '2024-02-07 17:13:26'),
(84, '2024-02-10', 5, 1, '2024-02-07 11:13:26', '2024-02-07 17:13:26');

-- --------------------------------------------------------

--
-- Table structure for table `slot_management`
--

CREATE TABLE `slot_management` (
  `id` int(11) NOT NULL,
  `name` varchar(255) DEFAULT NULL,
  `start_time` varchar(255) DEFAULT NULL,
  `end_time` varchar(255) DEFAULT NULL,
  `status` int(11) DEFAULT NULL,
  `created_at` timestamp NOT NULL DEFAULT current_timestamp(),
  `updated_at` datetime DEFAULT current_timestamp() ON UPDATE current_timestamp()
) ENGINE=InnoDB DEFAULT CHARSET=utf8mb4 COLLATE=utf8mb4_unicode_ci;

--
-- Dumping data for table `slot_management`
--

INSERT INTO `slot_management` (`id`, `name`, `start_time`, `end_time`, `status`, `created_at`, `updated_at`) VALUES
(1, 'slot-1', '12:00 PM', '12:30 PM', 1, '2024-01-14 12:39:15', '2024-01-14 18:39:15'),
(2, 'slot-2', '12:30 PM', '1:00 PM', 1, '2024-01-14 12:39:15', '2024-01-14 18:39:15'),
(3, 'slot-3', '1:00 PM', '1:30 PM', 1, '2024-01-14 12:39:15', '2024-01-14 18:39:15'),
(4, 'slot-4', '1:30 PM', '2:00 PM', 1, '2024-01-14 12:39:15', '2024-01-14 18:39:15'),
(5, 'slot-5', '2:00 PM', '2:30 PM', 1, '2024-01-14 12:39:15', '2024-01-14 18:39:15'),
(6, 'slot-6', '2:30 PM', '3:00 PM', 1, '2024-01-14 12:39:15', '2024-01-14 18:39:15'),
(7, 'slot-7', '3:00 PM', '3:30 PM', 1, '2024-01-14 12:39:15', '2024-01-14 18:39:15'),
(8, 'slot-7', '3:30 PM', '4:00 PM', 1, '2024-01-14 12:39:15', '2024-01-14 18:39:15');

-- --------------------------------------------------------

--
-- Table structure for table `transaction`
--

CREATE TABLE `transaction` (
  `id` int(11) NOT NULL,
  `user_id` int(11) DEFAULT NULL,
  `method` varchar(255) DEFAULT NULL,
  `advance` int(11) DEFAULT NULL,
  `due` int(11) DEFAULT NULL,
  `cash` int(11) DEFAULT NULL,
  `total` int(11) DEFAULT NULL,
  `status` int(11) DEFAULT NULL,
  `created_at` timestamp NOT NULL DEFAULT current_timestamp(),
  `updated_at` datetime DEFAULT current_timestamp() ON UPDATE current_timestamp()
) ENGINE=InnoDB DEFAULT CHARSET=utf8mb4 COLLATE=utf8mb4_unicode_ci;

--
-- Dumping data for table `transaction`
--

INSERT INTO `transaction` (`id`, `user_id`, `method`, `advance`, `due`, `cash`, `total`, `status`, `created_at`, `updated_at`) VALUES
(1, 1, 'bkash', 200, 0, 1800, 2000, 1, '2024-01-23 10:06:48', '2024-01-23 16:06:58'),
(2, 2, 'bkash', 500, 0, 1000, 1500, 1, '2024-01-23 10:08:14', '2024-01-23 16:09:52'),
(3, 3, 'cash', 1000, 0, 14000, 15000, 1, '2024-01-23 10:09:23', '2024-01-23 16:09:54'),
(4, 4, 'bkash', 500, 0, 2500, 3000, 1, '2024-01-23 10:11:44', '2024-01-23 16:13:00'),
(5, 5, 'bkash', 200, 0, 800, 1000, 1, '2024-01-23 10:12:14', '2024-01-23 16:12:49'),
(6, 6, 'nagad', 500, 0, 2500, 3000, 1, '2024-01-23 10:15:35', '2024-01-23 17:45:57'),
(7, 7, 'bkash', 200, 0, 1800, 2000, 1, '2024-01-23 10:16:21', '2024-01-25 18:56:43'),
(8, 8, 'bkash', 500, 0, 2500, 3000, 1, '2024-01-23 10:19:55', '2024-01-23 17:45:59'),
(9, 9, 'nagad', 500, 0, 1500, 2000, 1, '2024-01-23 10:24:42', '2024-01-25 18:56:45'),
(10, 10, 'nagad', 500, 0, 1000, 1500, 1, '2024-01-23 10:32:11', '2024-01-25 18:56:48'),
(11, 11, 'cash', 200, 0, 1300, 1500, 1, '2024-01-23 11:38:23', '2024-01-25 18:56:46'),
(12, 12, 'bkash', 100, 0, 1900, 2000, 1, '2024-01-23 11:40:26', '2024-01-25 18:56:41'),
(13, 13, 'bkash', 500, 0, 0, 500, 1, '2024-01-23 11:41:50', '2024-01-23 17:41:50'),
(14, 14, 'bkash', 500, 0, 0, 500, 1, '2024-01-23 11:43:51', '2024-01-23 17:43:51'),
(15, 15, 'cash', 400, -300, 0, 100, 0, '2024-01-23 11:45:12', '2024-01-23 17:45:12'),
(16, 16, 'bkash', 200, 0, 14800, 15000, 1, '2024-01-25 12:45:00', '2024-01-25 18:56:39'),
(17, 17, 'bkash', 500, 0, 0, 500, 1, '2024-01-25 12:56:34', '2024-01-25 18:56:34'),
(18, 18, 'nagad', 500, 0, 1500, 2000, 1, '2024-01-25 12:57:06', '2024-01-27 15:59:17'),
(19, 19, 'nagad', 200, 0, 2800, 3000, 1, '2024-01-27 09:55:49', '2024-01-27 15:57:53'),
(20, 20, 'cash', 1000, 0, 2000, 3000, 1, '2024-01-27 09:56:03', '2024-01-27 15:57:56'),
(21, 21, 'nagad', 500, 0, 2500, 3000, 1, '2024-01-27 09:56:25', '2024-01-27 15:57:55'),
(22, 22, 'cash', 500, 0, 1500, 2000, 1, '2024-01-27 09:56:55', '2024-01-27 15:58:01'),
(23, 23, 'cash', 1000, 0, 2000, 3000, 1, '2024-01-27 09:57:22', '2024-01-27 15:57:58'),
(24, 24, 'nagad', 1000, 0, 2000, 3000, 1, '2024-01-27 09:57:45', '2024-01-27 15:57:59'),
(25, 25, 'nagad', 500, 0, 1500, 2000, 1, '2024-01-27 10:00:04', '2024-01-27 16:06:48'),
(26, 26, 'cash', 200, 0, 2800, 3000, 1, '2024-01-27 10:00:55', '2024-01-27 16:06:53'),
(27, 27, 'cash', 5000, 0, 10000, 15000, 1, '2024-01-27 10:01:19', '2024-01-27 16:06:55'),
(28, 28, 'nagad', 200, 0, 1800, 2000, 1, '2024-01-27 10:02:19', '2024-01-27 16:06:49'),
(29, 29, 'bkash', 500, 0, 1500, 2000, 1, '2024-01-27 10:02:41', '2024-01-27 16:06:46'),
(30, 30, 'nagad', 1000, 0, 2000, 3000, 1, '2024-01-27 10:03:11', '2024-01-27 16:06:51'),
(31, 31, 'bkash', 500, 0, 1000, 1500, 1, '2024-01-27 10:06:26', '2024-01-27 16:06:44'),
(32, 32, 'nagad', 500, 1500, 0, 2000, 0, '2024-02-01 11:57:52', '2024-02-01 17:57:52'),
(33, 33, 'bkash', 500, 1500, 0, 2000, 0, '2024-02-01 11:58:07', '2024-02-01 17:58:07'),
(34, 34, 'bkash', 500, 1500, 0, 2000, 0, '2024-02-01 11:58:25', '2024-02-01 17:58:25'),
(35, 35, 'cash', 500, 1500, 0, 2000, 0, '2024-02-01 11:58:42', '2024-02-01 17:58:42'),
(36, 36, 'nagad', 500, 0, 2500, 3000, 1, '2024-02-01 11:58:59', '2024-02-07 17:08:54'),
(37, 37, 'nagad', 500, 1500, 0, 2000, 0, '2024-02-01 11:59:19', '2024-02-01 17:59:19'),
(38, 38, 'bkash', 200, 1800, 0, 2000, 0, '2024-02-01 11:59:40', '2024-02-01 17:59:40'),
(39, 39, 'nagad', 500, 1500, 0, 2000, 0, '2024-02-01 11:59:58', '2024-02-01 17:59:58'),
(40, 40, 'bkash', 200, 1800, 0, 2000, 0, '2024-02-07 10:21:14', '2024-02-07 16:21:14'),
(41, 41, 'bkash', 100, 1400, 0, 1500, 0, '2024-02-07 10:42:52', '2024-02-07 16:42:52'),
(42, 42, 'bkash', 100, 1400, 0, 1500, 0, '2024-02-07 11:01:37', '2024-02-07 17:01:37'),
(43, 43, 'bkash', 200, 1300, 0, 1500, 0, '2024-02-07 11:02:19', '2024-02-07 17:02:19'),
(44, 44, 'cash', 500, 2500, 0, 3000, 0, '2024-02-07 11:13:26', '2024-02-07 17:13:26');

--
-- Indexes for dumped tables
--

--
-- Indexes for table `authentication`
--
ALTER TABLE `authentication`
  ADD PRIMARY KEY (`id`);

--
-- Indexes for table `booking`
--
ALTER TABLE `booking`
  ADD PRIMARY KEY (`id`),
  ADD KEY `user_id` (`user_id`),
  ADD KEY `transaction_id` (`transaction_id`),
  ADD KEY `start_slot_id` (`start_slot_id`),
  ADD KEY `end_slot_id` (`end_slot_id`),
  ADD KEY `reference_id` (`reference_id`);

--
-- Indexes for table `customers`
--
ALTER TABLE `customers`
  ADD PRIMARY KEY (`id`);

--
-- Indexes for table `expense`
--
ALTER TABLE `expense`
  ADD PRIMARY KEY (`id`),
  ADD KEY `reference_id` (`reference_id`);

--
-- Indexes for table `setting`
--
ALTER TABLE `setting`
  ADD PRIMARY KEY (`id`);

--
-- Indexes for table `slot_live`
--
ALTER TABLE `slot_live`
  ADD PRIMARY KEY (`id`),
  ADD KEY `slot_id` (`slot_id`);

--
-- Indexes for table `slot_management`
--
ALTER TABLE `slot_management`
  ADD PRIMARY KEY (`id`);

--
-- Indexes for table `transaction`
--
ALTER TABLE `transaction`
  ADD PRIMARY KEY (`id`),
  ADD KEY `user_id` (`user_id`);

--
-- AUTO_INCREMENT for dumped tables
--

--
-- AUTO_INCREMENT for table `authentication`
--
ALTER TABLE `authentication`
  MODIFY `id` int(11) NOT NULL AUTO_INCREMENT, AUTO_INCREMENT=4;

--
-- AUTO_INCREMENT for table `booking`
--
ALTER TABLE `booking`
  MODIFY `id` int(11) NOT NULL AUTO_INCREMENT, AUTO_INCREMENT=46;

--
-- AUTO_INCREMENT for table `customers`
--
ALTER TABLE `customers`
  MODIFY `id` int(11) NOT NULL AUTO_INCREMENT, AUTO_INCREMENT=45;

--
-- AUTO_INCREMENT for table `expense`
--
ALTER TABLE `expense`
  MODIFY `id` int(11) NOT NULL AUTO_INCREMENT, AUTO_INCREMENT=12;

--
-- AUTO_INCREMENT for table `setting`
--
ALTER TABLE `setting`
  MODIFY `id` int(11) NOT NULL AUTO_INCREMENT, AUTO_INCREMENT=3;

--
-- AUTO_INCREMENT for table `slot_live`
--
ALTER TABLE `slot_live`
  MODIFY `id` int(11) NOT NULL AUTO_INCREMENT, AUTO_INCREMENT=85;

--
-- AUTO_INCREMENT for table `slot_management`
--
ALTER TABLE `slot_management`
  MODIFY `id` int(11) NOT NULL AUTO_INCREMENT, AUTO_INCREMENT=9;

--
-- AUTO_INCREMENT for table `transaction`
--
ALTER TABLE `transaction`
  MODIFY `id` int(11) NOT NULL AUTO_INCREMENT, AUTO_INCREMENT=45;

--
-- Constraints for dumped tables
--

--
-- Constraints for table `booking`
--
ALTER TABLE `booking`
  ADD CONSTRAINT `booking_ibfk_1` FOREIGN KEY (`user_id`) REFERENCES `customers` (`id`),
  ADD CONSTRAINT `booking_ibfk_2` FOREIGN KEY (`transaction_id`) REFERENCES `transaction` (`id`),
  ADD CONSTRAINT `booking_ibfk_3` FOREIGN KEY (`start_slot_id`) REFERENCES `slot_management` (`id`),
  ADD CONSTRAINT `booking_ibfk_4` FOREIGN KEY (`end_slot_id`) REFERENCES `slot_management` (`id`),
  ADD CONSTRAINT `booking_ibfk_5` FOREIGN KEY (`reference_id`) REFERENCES `authentication` (`id`);

--
-- Constraints for table `slot_live`
--
ALTER TABLE `slot_live`
  ADD CONSTRAINT `slot_live_ibfk_1` FOREIGN KEY (`slot_id`) REFERENCES `slot_management` (`id`);

--
-- Constraints for table `transaction`
--
ALTER TABLE `transaction`
  ADD CONSTRAINT `transaction_ibfk_1` FOREIGN KEY (`user_id`) REFERENCES `customers` (`id`);
COMMIT;

/*!40101 SET CHARACTER_SET_CLIENT=@OLD_CHARACTER_SET_CLIENT */;
/*!40101 SET CHARACTER_SET_RESULTS=@OLD_CHARACTER_SET_RESULTS */;
/*!40101 SET COLLATION_CONNECTION=@OLD_COLLATION_CONNECTION */;
